name,light,scene,environment
Snap-6962.czi,0,0,Acetate_DAY1
Snap-6963.czi,1,0,Acetate_DAY1
Snap-6964.czi,0,1,Acetate_DAY1
Snap-6965.czi,1,1,Acetate_DAY1
Snap-6966.czi,0,2,Acetate_DAY1
Snap-6967.czi,1,2,Acetate_DAY1
Snap-6968.czi,0,3,Acetate_DAY1
Snap-6969.czi,1,3,Acetate_DAY1
Snap-6970.czi,0,4,Acetate_DAY1
Snap-6971.czi,1,4,Acetate_DAY1
Snap-6972.czi,0,5,Acetate_DAY1
Snap-6973.czi,1,5,Acetate_DAY1
Snap-6974.czi,0,6,Acetate_DAY1
Snap-6975.czi,1,6,Acetate_DAY1
Snap-6976.czi,0,7,Acetate_DAY1
Snap-6977.czi,1,7,Acetate_DAY1
Snap-6978.czi,0,8,Acetate_DAY1
Snap-6979.czi,1,8,Acetate_DAY1
Snap-6980.czi,0,9,Acetate_DAY1
Snap-6981.czi,1,9,Acetate_DAY1
Snap-6982.czi,0,10,Acetate_DAY1
Snap-6983.czi,1,10,Acetate_DAY1
Snap-6984.czi,0,11,Acetate_DAY1
Snap-6985.czi,1,11,Acetate_DAY1
Snap-6986.czi,0,12,Acetate_DAY1
Snap-6987.czi,1,12,Acetate_DAY1
Snap-6988.czi,0,13,Acetate_DAY1
Snap-6989.czi,1,13,Acetate_DAY1
Snap-6990.czi,0,14,Acetate_DAY1
Snap-6991.czi,1,14,Acetate_DAY1
Snap-6992.czi,0,15,Acetate_DAY1
Snap-6993.czi,1,15,Acetate_DAY1
Snap-6994.czi,0,16,Acetate_DAY1
Snap-6995.czi,1,16,Acetate_DAY1
Snap-6996.czi,0,17,Acetate_DAY1
Snap-6997.czi,1,17,Acetate_DAY1
Snap-6998.czi,0,18,Acetate_DAY1
Snap-6999.czi,1,18,Acetate_DAY1
Snap-7000.czi,0,19,Acetate_DAY1
Snap-7001.czi,1,19,Acetate_DAY1
Snap-7002.czi,0,20,Acetate_DAY1
Snap-7003.czi,1,20,Acetate_DAY1
Snap-7004.czi,0,21,Acetate_DAY1
Snap-7005.czi,1,21,Acetate_DAY1
Snap-7006.czi,0,22,Acetate_DAY1
Snap-7007.czi,1,22,Acetate_DAY1
Snap-7008.czi,0,23,Acetate_DAY1
Snap-7009.czi,1,23,Acetate_DAY1
Snap-7010.czi,0,24,Acetate_DAY1
Snap-7011.czi,1,24,Acetate_DAY1
Snap-7012.czi,0,25,Acetate_DAY1
Snap-7013.czi,1,25,Acetate_DAY1
Snap-7014.czi,0,26,Acetate_DAY1
Snap-7015.czi,1,26,Acetate_DAY1
Snap-7132.czi,1,27,Acetate_DAY3
Snap-7133.czi,0,27,Acetate_DAY3
Snap-7134.czi,1,28,Acetate_DAY3
Snap-7135.czi,0,28,Acetate_DAY3
Snap-7136.czi,1,29,Acetate_DAY3
Snap-7137.czi,0,29,Acetate_DAY3
Snap-7138.czi,1,30,Acetate_DAY3
Snap-7139.czi,0,30,Acetate_DAY3
Snap-7140.czi,1,31,Acetate_DAY3
Snap-7141.czi,0,31,Acetate_DAY3
Snap-7142.czi,1,32,Acetate_DAY3
Snap-7143.czi,0,32,Acetate_DAY3
Snap-7144.czi,1,33,Acetate_DAY3
Snap-7145.czi,0,33,Acetate_DAY3
Snap-7146.czi,1,34,Acetate_DAY3
Snap-7147.czi,0,34,Acetate_DAY3
Snap-7148.czi,1,35,Acetate_DAY3
Snap-7149.czi,0,35,Acetate_DAY3
Snap-7150.czi,1,36,Acetate_DAY3
Snap-7151.czi,0,36,Acetate_DAY3
Snap-7152.czi,1,37,Acetate_DAY3
Snap-7153.czi,0,37,Acetate_DAY3
Snap-7154.czi,1,38,Acetate_DAY3
Snap-7155.czi,0,38,Acetate_DAY3
Snap-7156.czi,1,39,Acetate_DAY3
Snap-7157.czi,0,39,Acetate_DAY3
Snap-7158.czi,1,40,Acetate_DAY3
Snap-7159.czi,0,40,Acetate_DAY3
Snap-7160.czi,1,41,Acetate_DAY3
Snap-7161.czi,0,41,Acetate_DAY3
Snap-7162.czi,1,42,Acetate_DAY3
Snap-7163.czi,0,42,Acetate_DAY3
Snap-7164.czi,1,43,Acetate_DAY3
Snap-7165.czi,0,43,Acetate_DAY3
Snap-7166.czi,1,44,Acetate_DAY3
Snap-7167.czi,0,44,Acetate_DAY3
Snap-7168.czi,1,45,Acetate_DAY3
Snap-7169.czi,0,45,Acetate_DAY3
Snap-7170.czi,1,46,Acetate_DAY3
Snap-7171.czi,0,46,Acetate_DAY3
Snap-7172.czi,1,47,Acetate_DAY3
Snap-7173.czi,0,47,Acetate_DAY3
Snap-7174.czi,1,48,Acetate_DAY3
Snap-7175.czi,0,48,Acetate_DAY3
Snap-7176.czi,1,49,Acetate_DAY3
Snap-7177.czi,0,49,Acetate_DAY3
Snap-7178.czi,1,50,Acetate_DAY3
Snap-7179.czi,0,50,Acetate_DAY3
Snap-7180.czi,1,51,Acetate_DAY3
Snap-7181.czi,0,51,Acetate_DAY3
Snap-7182.czi,1,52,Acetate_DAY3
Snap-7183.czi,0,52,Acetate_DAY3
Snap-7184.czi,1,53,Acetate_DAY3
Snap-7185.czi,0,53,Acetate_DAY3
Snap-7186.czi,1,54,Acetate_DAY3
Snap-7187.czi,0,54,Acetate_DAY3
Snap-7188.czi,1,55,Acetate_DAY3
Snap-7189.czi,0,55,Acetate_DAY3
Snap-7190.czi,1,56,Acetate_DAY3
Snap-7191.czi,0,56,Acetate_DAY3
Snap-7192.czi,1,57,Acetate_DAY3
Snap-7193.czi,0,57,Acetate_DAY3
Snap-7194.czi,1,58,Acetate_DAY3
Snap-7195.czi,0,58,Acetate_DAY3
Snap-6899.czi,0,59,SD_DAY1
Snap-6900.czi,1,59,SD_DAY1
Snap-6901.czi,0,60,SD_DAY1
Snap-6902.czi,1,60,SD_DAY1
Snap-6903.czi,0,61,SD_DAY1
Snap-6904.czi,1,61,SD_DAY1
Snap-6905.czi,0,62,SD_DAY1
Snap-6906.czi,1,62,SD_DAY1
Snap-6907.czi,0,63,SD_DAY1
Snap-6908.czi,1,63,SD_DAY1
Snap-6909.czi,0,64,SD_DAY1
Snap-6910.czi,1,64,SD_DAY1
Snap-6911.czi,0,65,SD_DAY1
Snap-6912.czi,1,65,SD_DAY1
Snap-6913.czi,0,66,SD_DAY1
Snap-6914.czi,1,66,SD_DAY1
Snap-6915.czi,0,67,SD_DAY1
Snap-6916.czi,1,67,SD_DAY1
Snap-6917.czi,0,68,SD_DAY1
Snap-6918.czi,1,68,SD_DAY1
Snap-6919.czi,0,69,SD_DAY1
Snap-6920.czi,1,69,SD_DAY1
Snap-6921.czi,0,70,SD_DAY1
Snap-6922.czi,1,70,SD_DAY1
Snap-6923.czi,0,71,SD_DAY1
Snap-6924.czi,1,71,SD_DAY1
Snap-6925.czi,0,72,SD_DAY1
Snap-6926.czi,1,72,SD_DAY1
Snap-6927.czi,0,73,SD_DAY1
Snap-6928.czi,1,73,SD_DAY1
Snap-6929.czi,0,74,SD_DAY1
Snap-6930.czi,1,74,SD_DAY1
Snap-6931.czi,0,75,SD_DAY1
Snap-6932.czi,1,75,SD_DAY1
Snap-6933.czi,0,76,SD_DAY1
Snap-6934.czi,1,76,SD_DAY1
Snap-6935.czi,0,77,SD_DAY1
Snap-6936.czi,1,77,SD_DAY1
Snap-6937.czi,0,78,SD_DAY1
Snap-6938.czi,1,78,SD_DAY1
Snap-6939.czi,0,79,SD_DAY1
Snap-6940.czi,1,79,SD_DAY1
Snap-6941.czi,0,80,SD_DAY1
Snap-6942.czi,1,80,SD_DAY1
Snap-6943.czi,0,81,SD_DAY1
Snap-6944.czi,1,81,SD_DAY1
Snap-6945.czi,0,82,SD_DAY1
Snap-6946.czi,1,82,SD_DAY1
Snap-6947.czi,0,83,SD_DAY1
Snap-6948.czi,1,83,SD_DAY1
Snap-6949.czi,0,84,SD_DAY1
Snap-6950.czi,1,84,SD_DAY1
Snap-6952.czi,0,85,SD_DAY1
Snap-6953.czi,1,85,SD_DAY1
Snap-6954.czi,0,86,SD_DAY1
Snap-6955.czi,1,86,SD_DAY1
Snap-6956.czi,0,87,SD_DAY1
Snap-6957.czi,1,87,SD_DAY1
Snap-6958.czi,0,88,SD_DAY1
Snap-6959.czi,1,88,SD_DAY1
Snap-6960.czi,0,89,SD_DAY1
Snap-6961.czi,1,89,SD_DAY1
Snap-7117.czi,0,90,SD_DAY3
Snap-7118.czi,1,90,SD_DAY3
Snap-7119.czi,0,91,SD_DAY3
Snap-7120.czi,1,91,SD_DAY3
Snap-7121.czi,1,92,SD_DAY3
Snap-7122.czi,0,92,SD_DAY3
Snap-7123.czi,1,93,SD_DAY3
Snap-7124.czi,0,93,SD_DAY3
Snap-7125.czi,1,94,SD_DAY3
Snap-7126.czi,0,94,SD_DAY3
Snap-7127.czi,1,95,SD_DAY3
Snap-7128.czi,0,95,SD_DAY3
Snap-7130.czi,1,96,SD_DAY3
Snap-7131.czi,0,96,SD_DAY3
Snap-7196.czi,1,97,SD_DAY3
Snap-7197.czi,0,97,SD_DAY3
Snap-7198.czi,1,98,SD_DAY3
Snap-7199.czi,0,98,SD_DAY3
Snap-7200.czi,1,99,SD_DAY3
Snap-7201.czi,0,99,SD_DAY3
Snap-7202.czi,1,100,SD_DAY3
Snap-7203.czi,0,100,SD_DAY3
Snap-7204.czi,1,101,SD_DAY3
Snap-7205.czi,0,101,SD_DAY3
Snap-7206.czi,1,102,SD_DAY3
Snap-7207.czi,0,102,SD_DAY3
Snap-7208.czi,1,103,SD_DAY3
Snap-7209.czi,0,103,SD_DAY3
Snap-7210.czi,1,104,SD_DAY3
Snap-7211.czi,0,104,SD_DAY3
Snap-7212.czi,1,105,SD_DAY3
Snap-7213.czi,0,105,SD_DAY3
Snap-7214.czi,1,106,SD_DAY3
Snap-7215.czi,0,106,SD_DAY3
Snap-7216.czi,1,107,SD_DAY3
Snap-7217.czi,0,107,SD_DAY3
Snap-7218.czi,1,108,SD_DAY3
Snap-7219.czi,0,108,SD_DAY3
Snap-7220.czi,1,109,SD_DAY3
Snap-7221.czi,0,109,SD_DAY3
Snap-7222.czi,1,110,SD_DAY3
Snap-7223.czi,0,110,SD_DAY3
Snap-7224.czi,1,111,SD_DAY3
Snap-7225.czi,0,111,SD_DAY3
Snap-7226.czi,1,112,SD_DAY3
Snap-7227.czi,0,112,SD_DAY3
Snap-7228.czi,1,113,SD_DAY3
Snap-7229.czi,0,113,SD_DAY3
Snap-7230.czi,1,114,SD_DAY3
Snap-7231.czi,0,114,SD_DAY3
Snap-6803.czi,0,115,YPD_DAY1
Snap-6804.czi,1,115,YPD_DAY1
Snap-6805.czi,0,116,YPD_DAY1
Snap-6806.czi,1,116,YPD_DAY1
Snap-6807.czi,0,117,YPD_DAY1
Snap-6808.czi,1,117,YPD_DAY1
Snap-6809.czi,0,118,YPD_DAY1
Snap-6810.czi,1,118,YPD_DAY1
Snap-6811.czi,0,119,YPD_DAY1
Snap-6812.czi,1,119,YPD_DAY1
Snap-6813.czi,0,120,YPD_DAY1
Snap-6814.czi,1,120,YPD_DAY1
Snap-6815.czi,0,121,YPD_DAY1
Snap-6816.czi,1,121,YPD_DAY1
Snap-6817.czi,0,122,YPD_DAY1
Snap-6818.czi,1,122,YPD_DAY1
Snap-6819.czi,0,123,YPD_DAY1
Snap-6820.czi,1,123,YPD_DAY1
Snap-6821.czi,0,124,YPD_DAY1
Snap-6822.czi,1,124,YPD_DAY1
Snap-6823.czi,0,125,YPD_DAY1
Snap-6824.czi,1,125,YPD_DAY1
Snap-6825.czi,0,126,YPD_DAY1
Snap-6826.czi,1,126,YPD_DAY1
Snap-6827.czi,0,127,YPD_DAY1
Snap-6828.czi,1,127,YPD_DAY1
Snap-6829.czi,0,128,YPD_DAY1
Snap-6830.czi,1,128,YPD_DAY1
Snap-6831.czi,0,129,YPD_DAY1
Snap-6832.czi,1,129,YPD_DAY1
Snap-6833.czi,0,130,YPD_DAY1
Snap-6834.czi,1,130,YPD_DAY1
Snap-6835.czi,0,131,YPD_DAY1
Snap-6836.czi,1,131,YPD_DAY1
Snap-6837.czi,0,132,YPD_DAY1
Snap-6838.czi,1,132,YPD_DAY1
Snap-6839.czi,0,133,YPD_DAY1
Snap-6840.czi,1,133,YPD_DAY1
Snap-6841.czi,0,134,YPD_DAY1
Snap-6842.czi,1,134,YPD_DAY1
Snap-6843.czi,0,135,YPD_DAY1
Snap-6844.czi,1,135,YPD_DAY1
Snap-6845.czi,0,136,YPD_DAY1
Snap-6846.czi,1,136,YPD_DAY1
Snap-6847.czi,0,137,YPD_DAY1
Snap-6848.czi,1,137,YPD_DAY1
Snap-6849.czi,0,138,YPD_DAY1
Snap-6850.czi,1,138,YPD_DAY1
Snap-6851.czi,0,139,YPD_DAY1
Snap-6852.czi,1,139,YPD_DAY1
Snap-6853.czi,0,140,YPD_DAY1
Snap-6854.czi,1,140,YPD_DAY1
Snap-6855.czi,0,141,YPD_DAY1
Snap-6856.czi,1,141,YPD_DAY1
Snap-6857.czi,0,142,YPD_DAY1
Snap-6858.czi,1,142,YPD_DAY1
Snap-6859.czi,0,143,YPD_DAY1
Snap-6860.czi,1,143,YPD_DAY1
Snap-6861.czi,0,144,YPD_DAY1
Snap-6862.czi,1,144,YPD_DAY1
Snap-6865.czi,0,145,YPD_DAY1
Snap-6866.czi,1,145,YPD_DAY1
Snap-6867.czi,0,146,YPD_DAY1
Snap-6868.czi,1,146,YPD_DAY1
Snap-6869.czi,0,147,YPD_DAY1
Snap-6870.czi,1,147,YPD_DAY1
Snap-6871.czi,0,148,YPD_DAY1
Snap-6872.czi,1,148,YPD_DAY1
Snap-6873.czi,0,149,YPD_DAY1
Snap-6874.czi,1,149,YPD_DAY1
Snap-6875.czi,0,150,YPD_DAY1
Snap-6876.czi,1,150,YPD_DAY1
Snap-6878.czi,0,151,YPD_DAY1
Snap-6879.czi,1,151,YPD_DAY1
Snap-6880.czi,0,152,YPD_DAY1
Snap-6881.czi,1,152,YPD_DAY1
Snap-6882.czi,0,153,YPD_DAY1
Snap-6883.czi,1,153,YPD_DAY1
Snap-6884.czi,0,154,YPD_DAY1
Snap-6885.czi,1,154,YPD_DAY1
Snap-6886.czi,0,155,YPD_DAY1
Snap-6887.czi,1,155,YPD_DAY1
Snap-6888.czi,0,156,YPD_DAY1
Snap-6889.czi,1,156,YPD_DAY1
Snap-6890.czi,0,157,YPD_DAY1
Snap-6891.czi,1,157,YPD_DAY1
Snap-6892.czi,0,158,YPD_DAY1
Snap-6893.czi,1,158,YPD_DAY1
Snap-6894.czi,0,159,YPD_DAY1
Snap-6895.czi,1,159,YPD_DAY1
Snap-6897.czi,0,160,YPD_DAY1
Snap-6898.czi,1,160,YPD_DAY1
Snap-7024.czi,1,161,YPD_DAY3
Snap-7025.czi,0,161,YPD_DAY3
Snap-7026.czi,1,162,YPD_DAY3
Snap-7027.czi,0,162,YPD_DAY3
Snap-7028.czi,1,163,YPD_DAY3
Snap-7029.czi,0,163,YPD_DAY3
Snap-7030.czi,1,164,YPD_DAY3
Snap-7031.czi,0,164,YPD_DAY3
Snap-7032.czi,1,165,YPD_DAY3
Snap-7033.czi,0,165,YPD_DAY3
Snap-7034.czi,1,166,YPD_DAY3
Snap-7035.czi,0,166,YPD_DAY3
Snap-7036.czi,1,167,YPD_DAY3
Snap-7037.czi,0,167,YPD_DAY3
Snap-7038.czi,1,168,YPD_DAY3
Snap-7039.czi,0,168,YPD_DAY3
Snap-7040.czi,1,169,YPD_DAY3
Snap-7041.czi,0,169,YPD_DAY3
Snap-7042.czi,1,170,YPD_DAY3
Snap-7043.czi,0,170,YPD_DAY3
Snap-7044.czi,1,171,YPD_DAY3
Snap-7045.czi,0,171,YPD_DAY3
Snap-7046.czi,1,172,YPD_DAY3
Snap-7047.czi,0,172,YPD_DAY3
Snap-7048.czi,0,173,YPD_DAY3
Snap-7049.czi,1,173,YPD_DAY3
Snap-7050.czi,1,174,YPD_DAY3
Snap-7051.czi,0,174,YPD_DAY3
Snap-7052.czi,1,175,YPD_DAY3
Snap-7053.czi,0,175,YPD_DAY3
Snap-7054.czi,1,176,YPD_DAY3
Snap-7055.czi,0,176,YPD_DAY3
Snap-7056.czi,1,177,YPD_DAY3
Snap-7057.czi,0,177,YPD_DAY3
Snap-7058.czi,1,178,YPD_DAY3
Snap-7059.czi,0,178,YPD_DAY3
Snap-7060.czi,1,179,YPD_DAY3
Snap-7061.czi,0,179,YPD_DAY3
Snap-7062.czi,1,180,YPD_DAY3
Snap-7063.czi,0,180,YPD_DAY3
Snap-7064.czi,1,181,YPD_DAY3
Snap-7065.czi,0,181,YPD_DAY3
Snap-7066.czi,1,182,YPD_DAY3
Snap-7067.czi,0,182,YPD_DAY3
Snap-7068.czi,1,183,YPD_DAY3
Snap-7069.czi,0,183,YPD_DAY3
Snap-7070.czi,1,184,YPD_DAY3
Snap-7071.czi,0,184,YPD_DAY3
Snap-7072.czi,1,185,YPD_DAY3
Snap-7073.czi,0,185,YPD_DAY3
Snap-7074.czi,1,186,YPD_DAY3
Snap-7075.czi,0,186,YPD_DAY3
Snap-7076.czi,1,187,YPD_DAY3
Snap-7077.czi,0,187,YPD_DAY3
Snap-7078.czi,1,188,YPD_DAY3
Snap-7079.czi,0,188,YPD_DAY3
Snap-7080.czi,1,189,YPD_DAY3
Snap-7081.czi,0,189,YPD_DAY3
Snap-7082.czi,1,190,YPD_DAY3
Snap-7083.czi,0,190,YPD_DAY3
Snap-7084.czi,1,191,YPD_DAY3
Snap-7085.czi,0,191,YPD_DAY3
Snap-7086.czi,1,192,YPD_DAY3
Snap-7087.czi,0,192,YPD_DAY3
Snap-7088.czi,1,193,YPD_DAY3
Snap-7089.czi,0,193,YPD_DAY3
Snap-7090.czi,1,194,YPD_DAY3
Snap-7091.czi,0,194,YPD_DAY3
Snap-7092.czi,1,195,YPD_DAY3
Snap-7093.czi,0,195,YPD_DAY3
Snap-7094.czi,1,196,YPD_DAY3
Snap-7095.czi,0,196,YPD_DAY3
Snap-7096.czi,1,197,YPD_DAY3
Snap-7097.czi,0,197,YPD_DAY3
Snap-7098.czi,1,198,YPD_DAY3
Snap-7099.czi,0,198,YPD_DAY3
Snap-7100.czi,1,199,YPD_DAY3
Snap-7101.czi,0,199,YPD_DAY3
Snap-7103.czi,1,200,YPD_DAY3
Snap-7104.czi,0,200,YPD_DAY3
Snap-7105.czi,1,201,YPD_DAY3
Snap-7106.czi,0,201,YPD_DAY3
Snap-7107.czi,1,202,YPD_DAY3
Snap-7108.czi,0,202,YPD_DAY3
Snap-7109.czi,1,203,YPD_DAY3
Snap-7110.czi,0,203,YPD_DAY3
Snap-7111.czi,1,204,YPD_DAY3
Snap-7112.czi,0,204,YPD_DAY3
Snap-7113.czi,1,205,YPD_DAY3
Snap-7114.czi,0,205,YPD_DAY3
Snap-7115.czi,1,206,YPD_DAY3
Snap-7116.czi,0,206,YPD_DAY3
Snap-7986.czi,0,207,YPD
Snap-7987.czi,1,207,YPD
Snap-7988.czi,0,208,YPD
Snap-7989.czi,1,208,YPD
Snap-7990.czi,0,209,YPD
Snap-7991.czi,1,209,YPD
Snap-7992.czi,0,210,YPD
Snap-7993.czi,1,210,YPD
Snap-7994.czi,0,211,YPD
Snap-7995.czi,1,211,YPD
Snap-7996.czi,0,212,YPD
Snap-7997.czi,1,212,YPD
Snap-7998.czi,0,213,YPD
Snap-7999.czi,1,213,YPD
Snap-8000.czi,0,214,YPD
Snap-8001.czi,1,214,YPD
Snap-8002.czi,0,215,YPD
Snap-8003.czi,1,215,YPD
Snap-8004.czi,0,216,YPD
Snap-8005.czi,1,216,YPD
Snap-8006.czi,0,217,YPD
Snap-8007.czi,1,217,YPD
Snap-8008.czi,0,218,YPD
Snap-8009.czi,1,218,YPD
Snap-8010.czi,0,219,YPD
Snap-8011.czi,1,219,YPD
Snap-8012.czi,0,220,YPD
Snap-8013.czi,1,220,YPD
Snap-8014.czi,0,221,YPD
Snap-8015.czi,1,221,YPD
Snap-8016.czi,0,222,YPD
Snap-8017.czi,1,222,YPD
Snap-8018.czi,0,223,YPD
Snap-8019.czi,1,223,YPD
Snap-8020.czi,0,224,YPD
Snap-8021.czi,1,224,YPD
Snap-8022.czi,0,225,YPD
Snap-8023.czi,1,225,YPD
Snap-8024.czi,0,226,YPD
Snap-8025.czi,1,226,YPD
Snap-8026.czi,0,227,YPD
Snap-8027.czi,1,227,YPD
Snap-8028.czi,0,228,YPD
Snap-8029.czi,1,228,YPD
Snap-8030.czi,0,229,YPD
Snap-8031.czi,1,229,YPD
Snap-8032.czi,0,230,YPD
Snap-8033.czi,1,230,YPD
Snap-8034.czi,0,231,YPD
Snap-8035.czi,1,231,YPD
Snap-8036.czi,0,232,YPD
Snap-8037.czi,1,232,YPD
Snap-8038.czi,0,233,YPD
Snap-8039.czi,1,233,YPD
Snap-8040.czi,0,234,YPD
Snap-8041.czi,1,234,YPD
Snap-8042.czi,0,235,YPD
Snap-8043.czi,1,235,YPD
Snap-8044.czi,0,236,YPD
Snap-8045.czi,1,236,YPD
Snap-8046.czi,0,237,YPD
Snap-8047.czi,1,237,YPD
Snap-8048.czi,0,238,YPD
Snap-8049.czi,1,238,YPD
Snap-8050.czi,0,239,YPD
Snap-8051.czi,1,239,YPD
Snap-8052.czi,0,240,YPD
Snap-8053.czi,1,240,YPD
Snap-8054.czi,0,241,YPD
Snap-8055.czi,1,241,YPD
Snap-8056.czi,0,242,YPD
Snap-8057.czi,1,242,YPD
Snap-8058.czi,0,243,YPD
Snap-8059.czi,1,243,YPD
Snap-8060.czi,0,244,YPD
Snap-8061.czi,1,244,YPD
Snap-8062.czi,0,245,YPD
Snap-8063.czi,1,245,YPD
Snap-8064.czi,0,246,YPD
Snap-8065.czi,1,246,YPD
Snap-8066.czi,0,247,YPD
Snap-8067.czi,1,247,YPD
Snap-8068.czi,0,248,YPD
Snap-8069.czi,1,248,YPD
Snap-8070.czi,0,249,YPD
Snap-8071.czi,1,249,YPD
Snap-8072.czi,0,250,YPD
Snap-8073.czi,1,250,YPD
Snap-8074.czi,0,251,YPD
Snap-8075.czi,1,251,YPD
Snap-8076.czi,0,252,YPD
Snap-8077.czi,1,252,YPD
Snap-8078.czi,0,253,YPD
Snap-8079.czi,1,253,YPD
Snap-8080.czi,0,254,YPD
Snap-8081.czi,1,254,YPD
Snap-8082.czi,0,255,YPD
Snap-8083.czi,1,255,YPD
Snap-8084.czi,0,256,YPD
Snap-8085.czi,1,256,YPD
Snap-8086.czi,0,257,YPD
Snap-8087.czi,1,257,YPD
Snap-8088.czi,0,258,YPD
Snap-8089.czi,1,258,YPD
Snap-8090.czi,0,259,YPD
Snap-8091.czi,1,259,YPD
Snap-8092.czi,0,260,YPD
Snap-8093.czi,1,260,YPD
Snap-8094.czi,0,261,YPD
Snap-8095.czi,1,261,YPD
Snap-8260.czi,0,262,YPD%1_DAY1
Snap-8261.czi,1,262,YPD%1_DAY1
Snap-8262.czi,0,263,YPD%1_DAY1
Snap-8263.czi,1,263,YPD%1_DAY1
Snap-8264.czi,0,264,YPD%1_DAY1
Snap-8265.czi,1,264,YPD%1_DAY1
Snap-8266.czi,0,265,YPD%1_DAY1
Snap-8267.czi,1,265,YPD%1_DAY1
Snap-8268.czi,0,266,YPD%1_DAY1
Snap-8269.czi,1,266,YPD%1_DAY1
Snap-8270.czi,0,267,YPD%1_DAY1
Snap-8271.czi,1,267,YPD%1_DAY1
Snap-8272.czi,0,268,YPD%1_DAY1
Snap-8273.czi,1,268,YPD%1_DAY1
Snap-8274.czi,0,269,YPD%1_DAY1
Snap-8275.czi,1,269,YPD%1_DAY1
Snap-8276.czi,0,270,YPD%1_DAY1
Snap-8277.czi,1,270,YPD%1_DAY1
Snap-8278.czi,0,271,YPD%1_DAY1
Snap-8279.czi,1,271,YPD%1_DAY1
Snap-8280.czi,0,272,YPD%1_DAY1
Snap-8281.czi,1,272,YPD%1_DAY1
Snap-8282.czi,0,273,YPD%1_DAY1
Snap-8283.czi,1,273,YPD%1_DAY1
Snap-8284.czi,0,274,YPD%1_DAY1
Snap-8285.czi,1,274,YPD%1_DAY1
Snap-8286.czi,0,275,YPD%1_DAY1
Snap-8287.czi,1,275,YPD%1_DAY1
Snap-8288.czi,0,276,YPD%1_DAY1
Snap-8289.czi,1,276,YPD%1_DAY1
Snap-8290.czi,0,277,YPD%1_DAY1
Snap-8291.czi,1,277,YPD%1_DAY1
Snap-8292.czi,0,278,YPD%1_DAY1
Snap-8293.czi,1,278,YPD%1_DAY1
Snap-8294.czi,0,279,YPD%1_DAY1
Snap-8295.czi,1,279,YPD%1_DAY1
Snap-8296.czi,0,280,YPD%1_DAY1
Snap-8297.czi,1,280,YPD%1_DAY1
Snap-8298.czi,0,281,YPD%1_DAY1
Snap-8299.czi,1,281,YPD%1_DAY1
Snap-8300.czi,0,282,YPD%1_DAY1
Snap-8301.czi,1,282,YPD%1_DAY1
Snap-8302.czi,0,283,YPD%1_DAY1
Snap-8303.czi,1,283,YPD%1_DAY1
Snap-8304.czi,0,284,YPD%1_DAY1
Snap-8305.czi,1,284,YPD%1_DAY1
Snap-8306.czi,0,285,YPD%1_DAY1
Snap-8307.czi,1,285,YPD%1_DAY1
Snap-8308.czi,0,286,YPD%1_DAY1
Snap-8309.czi,1,286,YPD%1_DAY1
Snap-8310.czi,0,287,YPD%1_DAY1
Snap-8311.czi,1,287,YPD%1_DAY1
Snap-8312.czi,0,288,YPD%1_DAY1
Snap-8313.czi,1,288,YPD%1_DAY1
Snap-8314.czi,0,289,YPD%1_DAY1
Snap-8315.czi,1,289,YPD%1_DAY1
Snap-8316.czi,0,290,YPD%1_DAY1
Snap-8317.czi,1,290,YPD%1_DAY1
Snap-8318.czi,0,291,YPD%1_DAY1
Snap-8319.czi,1,291,YPD%1_DAY1
Snap-8320.czi,0,292,YPD%1_DAY1
Snap-8321.czi,1,292,YPD%1_DAY1
Snap-8322.czi,0,293,YPD%1_DAY1
Snap-8323.czi,1,293,YPD%1_DAY1
Snap-8324.czi,0,294,YPD%1_DAY1
Snap-8325.czi,1,294,YPD%1_DAY1
Snap-8326.czi,0,295,YPD%1_DAY1
Snap-8327.czi,1,295,YPD%1_DAY1
Snap-8328.czi,0,296,YPD%1_DAY1
Snap-8329.czi,1,296,YPD%1_DAY1
Snap-8531.czi,0,297,YPD%1_DAY1
Snap-8532.czi,1,297,YPD%1_DAY1
Snap-8533.czi,0,298,YPD%1_DAY1
Snap-8534.czi,1,298,YPD%1_DAY1
Snap-8535.czi,0,299,YPD%1_DAY1
Snap-8536.czi,1,299,YPD%1_DAY1
Snap-8537.czi,0,300,YPD%1_DAY1
Snap-8538.czi,1,300,YPD%1_DAY1
Snap-8539.czi,0,301,YPD%1_DAY1
Snap-8540.czi,1,301,YPD%1_DAY1
Snap-8541.czi,0,302,YPD%1_DAY1
Snap-8542.czi,1,302,YPD%1_DAY1
Snap-8543.czi,0,303,YPD%1_DAY1
Snap-8544.czi,1,303,YPD%1_DAY1
Snap-8545.czi,0,304,YPD%1_DAY2
Snap-8546.czi,1,304,YPD%1_DAY2
Snap-8547.czi,0,305,YPD%1_DAY2
Snap-8548.czi,1,305,YPD%1_DAY2
Snap-8549.czi,0,306,YPD%1_DAY2
Snap-8550.czi,1,306,YPD%1_DAY2
Snap-8551.czi,0,307,YPD%1_DAY2
Snap-8552.czi,1,307,YPD%1_DAY2
Snap-8553.czi,0,308,YPD%1_DAY2
Snap-8554.czi,1,308,YPD%1_DAY2
Snap-8555.czi,0,309,YPD%1_DAY2
Snap-8556.czi,1,309,YPD%1_DAY2
Snap-8557.czi,0,310,YPD%1_DAY2
Snap-8558.czi,1,310,YPD%1_DAY2
Snap-8559.czi,0,311,YPD%1_DAY2
Snap-8560.czi,1,311,YPD%1_DAY2
Snap-8561.czi,0,312,YPD%1_DAY2
Snap-8562.czi,1,312,YPD%1_DAY2
Snap-8563.czi,0,313,YPD%1_DAY2
Snap-8564.czi,1,313,YPD%1_DAY2
Snap-8565.czi,0,314,YPD%1_DAY2
Snap-8566.czi,1,314,YPD%1_DAY2
Snap-8567.czi,0,315,YPD%1_DAY2
Snap-8568.czi,1,315,YPD%1_DAY2
Snap-8569.czi,0,316,YPD%1_DAY2
Snap-8570.czi,1,316,YPD%1_DAY2
Snap-8571.czi,0,317,YPD%1_DAY2
Snap-8572.czi,1,317,YPD%1_DAY2
Snap-8573.czi,0,318,YPD%1_DAY2
Snap-8574.czi,1,318,YPD%1_DAY2
Snap-8575.czi,0,319,YPD%1_DAY2
Snap-8576.czi,1,319,YPD%1_DAY2
Snap-8577.czi,0,320,YPD%1_DAY2
Snap-8578.czi,1,320,YPD%1_DAY2
Snap-8579.czi,0,321,YPD%1_DAY2
Snap-8580.czi,1,321,YPD%1_DAY2
Snap-8581.czi,0,322,YPD%1_DAY2
Snap-8582.czi,1,322,YPD%1_DAY2
Snap-8583.czi,0,323,YPD%1_DAY2
Snap-8584.czi,1,323,YPD%1_DAY2
Snap-8585.czi,0,324,YPD%1_DAY2
Snap-8586.czi,1,324,YPD%1_DAY2
Snap-8587.czi,0,325,YPD%1_DAY2
Snap-8588.czi,1,325,YPD%1_DAY2
Snap-8589.czi,0,326,YPD%1_DAY2
Snap-8590.czi,1,326,YPD%1_DAY2
Snap-8591.czi,0,327,YPD%1_DAY2
Snap-8592.czi,1,327,YPD%1_DAY2
Snap-8593.czi,0,328,YPD%1_DAY2
Snap-8594.czi,1,328,YPD%1_DAY2
Snap-8595.czi,0,329,YPD%1_DAY2
Snap-8596.czi,1,329,YPD%1_DAY2
Snap-8597.czi,0,330,YPD%1_DAY2
Snap-8598.czi,1,330,YPD%1_DAY2
Snap-8599.czi,0,331,YPD%1_DAY2
Snap-8600.czi,1,331,YPD%1_DAY2
Snap-8601.czi,0,332,YPD%1_DAY2
Snap-8602.czi,1,332,YPD%1_DAY2
Snap-8603.czi,0,333,YPD%1_DAY2
Snap-8604.czi,1,333,YPD%1_DAY2
Snap-8605.czi,0,334,YPD%1_DAY2
Snap-8606.czi,1,334,YPD%1_DAY2
Snap-8607.czi,0,335,YPD%1_DAY2
Snap-8608.czi,1,335,YPD%1_DAY2
Snap-8609.czi,0,336,YPD%1_DAY2
Snap-8610.czi,1,336,YPD%1_DAY2
Snap-8611.czi,0,337,YPD%1_DAY2
Snap-8612.czi,1,337,YPD%1_DAY2
Snap-8613.czi,0,338,YPD%1_DAY2
Snap-8614.czi,1,338,YPD%1_DAY2
Snap-8615.czi,0,339,YPD%1_DAY2
Snap-8616.czi,1,339,YPD%1_DAY2
Snap-8617.czi,0,340,YPD%1_DAY2
Snap-8618.czi,1,340,YPD%1_DAY2
Snap-8619.czi,0,341,YPD%1_DAY2
Snap-8620.czi,1,341,YPD%1_DAY2
Snap-8621.czi,0,342,YPD%1_DAY2
Snap-8622.czi,1,342,YPD%1_DAY2
Snap-8623.czi,0,343,YPD%1_DAY2
Snap-8624.czi,1,343,YPD%1_DAY2
Snap-8625.czi,0,344,YPD%1_DAY2
Snap-8626.czi,1,344,YPD%1_DAY2
Snap-8627.czi,0,345,YPD%1_DAY2
Snap-8628.czi,1,345,YPD%1_DAY2
Snap-8629.czi,0,346,YPD%1_DAY2
Snap-8630.czi,1,346,YPD%1_DAY2
Snap-8631.czi,0,347,YPD%1_DAY2
Snap-8632.czi,1,347,YPD%1_DAY2
Snap-8633.czi,0,348,YPD%1_DAY2
Snap-8634.czi,1,348,YPD%1_DAY2
Snap-8635.czi,0,349,YPD%1_DAY2
Snap-8636.czi,1,349,YPD%1_DAY2
Snap-8880.czi,0,350,YPD%1_DAY3
Snap-8881.czi,1,350,YPD%1_DAY3
Snap-8882.czi,0,351,YPD%1_DAY3
Snap-8883.czi,1,351,YPD%1_DAY3
Snap-8884.czi,0,352,YPD%1_DAY3
Snap-8885.czi,1,352,YPD%1_DAY3
Snap-8886.czi,0,353,YPD%1_DAY3
Snap-8887.czi,1,353,YPD%1_DAY3
Snap-8888.czi,0,354,YPD%1_DAY3
Snap-8889.czi,1,354,YPD%1_DAY3
Snap-8890.czi,0,355,YPD%1_DAY3
Snap-8891.czi,1,355,YPD%1_DAY3
Snap-8892.czi,0,356,YPD%1_DAY3
Snap-8893.czi,1,356,YPD%1_DAY3
Snap-8894.czi,0,357,YPD%1_DAY3
Snap-8895.czi,1,357,YPD%1_DAY3
Snap-8896.czi,0,358,YPD%1_DAY3
Snap-8897.czi,1,358,YPD%1_DAY3
Snap-8898.czi,0,359,YPD%1_DAY3
Snap-8899.czi,1,359,YPD%1_DAY3
Snap-8900.czi,0,360,YPD%1_DAY3
Snap-8901.czi,1,360,YPD%1_DAY3
Snap-8902.czi,0,361,YPD%1_DAY3
Snap-8903.czi,1,361,YPD%1_DAY3
Snap-8904.czi,0,362,YPD%1_DAY3
Snap-8905.czi,1,362,YPD%1_DAY3
Snap-8906.czi,0,363,YPD%1_DAY3
Snap-8907.czi,1,363,YPD%1_DAY3
Snap-8908.czi,0,364,YPD%1_DAY3
Snap-8909.czi,1,364,YPD%1_DAY3
Snap-8910.czi,0,365,YPD%1_DAY3
Snap-8911.czi,1,365,YPD%1_DAY3
Snap-8912.czi,0,366,YPD%1_DAY3
Snap-8913.czi,1,366,YPD%1_DAY3
Snap-8914.czi,0,367,YPD%1_DAY3
Snap-8915.czi,1,367,YPD%1_DAY3
Snap-8916.czi,0,368,YPD%1_DAY3
Snap-8917.czi,1,368,YPD%1_DAY3
Snap-8918.czi,0,369,YPD%1_DAY3
Snap-8919.czi,1,369,YPD%1_DAY3
Snap-8920.czi,0,370,YPD%1_DAY3
Snap-8921.czi,1,370,YPD%1_DAY3
Snap-8922.czi,0,371,YPD%1_DAY3
Snap-8923.czi,1,371,YPD%1_DAY3
Snap-8924.czi,0,372,YPD%1_DAY3
Snap-8925.czi,1,372,YPD%1_DAY3
Snap-8926.czi,0,373,YPD%1_DAY3
Snap-8927.czi,1,373,YPD%1_DAY3
Snap-8928.czi,0,374,YPD%1_DAY3
Snap-8929.czi,1,374,YPD%1_DAY3
Snap-8930.czi,0,375,YPD%1_DAY3
Snap-8931.czi,1,375,YPD%1_DAY3
Snap-8932.czi,0,376,YPD%1_DAY3
Snap-8934.czi,1,376,YPD%1_DAY3
Snap-8935.czi,0,377,YPD%1_DAY3
Snap-8936.czi,1,377,YPD%1_DAY3
Snap-8937.czi,0,378,YPD%1_DAY3
Snap-8938.czi,1,378,YPD%1_DAY3
Snap-8940.czi,0,379,YPD%1_DAY3
Snap-8941.czi,1,379,YPD%1_DAY3
Snap-8942.czi,0,380,YPD%1_DAY3
Snap-8943.czi,1,380,YPD%1_DAY3
Snap-8944.czi,0,381,YPD%1_DAY3
Snap-8945.czi,1,381,YPD%1_DAY3
Snap-8946.czi,0,382,YPD%1_DAY3
Snap-8947.czi,1,382,YPD%1_DAY3
Snap-8948.czi,0,383,YPD%1_DAY3
Snap-8949.czi,1,383,YPD%1_DAY3
Snap-8950.czi,0,384,YPD%1_DAY3
Snap-8951.czi,1,384,YPD%1_DAY3
Snap-8952.czi,0,385,YPD%1_DAY3
Snap-8953.czi,1,385,YPD%1_DAY3
Snap-8955.czi,0,386,YPD%1_DAY3
Snap-8956.czi,1,386,YPD%1_DAY3
Snap-8957.czi,0,387,YPD%1_DAY3
Snap-8958.czi,1,387,YPD%1_DAY3
Snap-8959.czi,0,388,YPD%1_DAY3
Snap-8960.czi,1,388,YPD%1_DAY3
Snap-8961.czi,0,389,YPD%1_DAY3
Snap-8962.czi,1,389,YPD%1_DAY3
Snap-8963.czi,0,390,YPD%1_DAY3
Snap-8964.czi,1,390,YPD%1_DAY3
Snap-8965.czi,0,391,YPD%1_DAY3
Snap-8966.czi,1,391,YPD%1_DAY3
Snap-8967.czi,0,392,YPD%1_DAY3
Snap-8968.czi,1,392,YPD%1_DAY3
Snap-8969.czi,0,393,YPD%1_DAY3
Snap-8970.czi,1,393,YPD%1_DAY3
Snap-8971.czi,0,394,YPD%1_DAY3
Snap-8972.czi,1,394,YPD%1_DAY3
Snap-8973.czi,0,395,YPD%1_DAY3
Snap-8974.czi,1,395,YPD%1_DAY3
Snap-8975.czi,0,396,YPD%1_DAY3
Snap-8976.czi,1,396,YPD%1_DAY3
Snap-8977.czi,0,397,YPD%1_DAY3
Snap-8978.czi,1,397,YPD%1_DAY3
Snap-8979.czi,0,398,YPD%1_DAY3
Snap-8980.czi,1,398,YPD%1_DAY3
Snap-8982.czi,0,399,YPD%1_DAY3
Snap-8983.czi,1,399,YPD%1_DAY3
Snap-8984.czi,0,400,YPD%1_DAY3
Snap-8985.czi,1,400,YPD%1_DAY3
Snap-8986.czi,0,401,YPD%1_DAY3
Snap-8987.czi,1,401,YPD%1_DAY3
Snap-8988.czi,0,402,YPD%1_DAY3
Snap-8989.czi,1,402,YPD%1_DAY3
Snap-8990.czi,0,403,YPD%1_DAY3
Snap-8991.czi,1,403,YPD%1_DAY3
Snap-8992.czi,0,404,YPD%1_DAY3
Snap-8993.czi,1,404,YPD%1_DAY3
Snap-8994.czi,0,405,YPD%1_DAY3
Snap-8995.czi,1,405,YPD%1_DAY3
Snap-8996.czi,0,406,YPD%1_DAY3
Snap-8997.czi,1,406,YPD%1_DAY3
Snap-8998.czi,0,407,YPD%1_DAY3
Snap-8999.czi,1,407,YPD%1_DAY3
Snap-9000.czi,0,408,YPD%1_DAY3
Snap-9001.czi,1,408,YPD%1_DAY3
Snap-9002.czi,0,409,YPD%1_DAY3
Snap-9003.czi,1,409,YPD%1_DAY3
Snap-9004.czi,0,410,YPD%1_DAY3
Snap-9005.czi,1,410,YPD%1_DAY3
Snap-9006.czi,0,411,YPD%1_DAY3
Snap-9007.czi,1,411,YPD%1_DAY3
Snap-9008.czi,0,412,YPD%1_DAY3
Snap-9009.czi,1,412,YPD%1_DAY3
Snap-9010.czi,0,413,YPD%1_DAY3
Snap-9011.czi,1,413,YPD%1_DAY3
Snap-9012.czi,0,414,YPD%1_DAY3
Snap-9013.czi,1,414,YPD%1_DAY3
Snap-9014.czi,0,415,YPD%1_DAY3
Snap-9015.czi,1,415,YPD%1_DAY3
Snap-9016.czi,0,416,YPD%1_DAY3
Snap-9017.czi,1,416,YPD%1_DAY3
Snap-9018.czi,0,417,YPD%1_DAY3
Snap-9019.czi,1,417,YPD%1_DAY3
Snap-9020.czi,0,418,YPD%1_DAY3
Snap-9021.czi,1,418,YPD%1_DAY3
Snap-9022.czi,0,419,YPD%1_DAY3
Snap-9023.czi,1,419,YPD%1_DAY3
Snap-9024.czi,0,420,YPD%1_DAY3
Snap-9025.czi,1,420,YPD%1_DAY3
Snap-8096.czi,0,421,YPGal
Snap-8097.czi,1,421,YPGal
Snap-8098.czi,0,422,YPGal
Snap-8099.czi,1,422,YPGal
Snap-8100.czi,0,423,YPGal
Snap-8101.czi,1,423,YPGal
Snap-8102.czi,0,424,YPGal
Snap-8103.czi,1,424,YPGal
Snap-8104.czi,0,425,YPGal
Snap-8105.czi,1,425,YPGal
Snap-8106.czi,0,426,YPGal
Snap-8107.czi,1,426,YPGal
Snap-8108.czi,0,427,YPGal
Snap-8109.czi,1,427,YPGal
Snap-8110.czi,0,428,YPGal
Snap-8111.czi,1,428,YPGal
Snap-8112.czi,0,429,YPGal
Snap-8113.czi,1,429,YPGal
Snap-8114.czi,0,430,YPGal
Snap-8115.czi,1,430,YPGal
Snap-8116.czi,0,431,YPGal
Snap-8117.czi,1,431,YPGal
Snap-8118.czi,0,432,YPGal
Snap-8119.czi,1,432,YPGal
Snap-8120.czi,0,433,YPGal
Snap-8121.czi,1,433,YPGal
Snap-8122.czi,0,434,YPGal
Snap-8123.czi,1,434,YPGal
Snap-8124.czi,0,435,YPGal
Snap-8125.czi,1,435,YPGal
Snap-8126.czi,0,436,YPGal
Snap-8127.czi,1,436,YPGal
Snap-8128.czi,0,437,YPGal
Snap-8129.czi,1,437,YPGal
Snap-8130.czi,0,438,YPGal
Snap-8131.czi,1,438,YPGal
Snap-8132.czi,0,439,YPGal
Snap-8133.czi,1,439,YPGal
Snap-8134.czi,0,440,YPGal
Snap-8135.czi,1,440,YPGal
Snap-8136.czi,0,441,YPGal
Snap-8137.czi,1,441,YPGal
Snap-8138.czi,0,442,YPGal
Snap-8139.czi,1,442,YPGal
Snap-8140.czi,0,443,YPGal
Snap-8141.czi,1,443,YPGal
Snap-8142.czi,0,444,YPGal
Snap-8143.czi,1,444,YPGal
Snap-8144.czi,0,445,YPGal
Snap-8145.czi,1,445,YPGal
Snap-8146.czi,0,446,YPGal
Snap-8147.czi,1,446,YPGal
Snap-8148.czi,0,447,YPGal
Snap-8149.czi,1,447,YPGal
Snap-8150.czi,0,448,YPGal
Snap-8151.czi,1,448,YPGal
Snap-8152.czi,0,449,YPGal
Snap-8153.czi,1,449,YPGal
Snap-8154.czi,0,450,YPGal
Snap-8155.czi,1,450,YPGal
Snap-8156.czi,0,451,YPGal
Snap-8157.czi,1,451,YPGal
Snap-8158.czi,0,452,YPGal
Snap-8159.czi,1,452,YPGal
Snap-8160.czi,0,453,YPGal
Snap-8161.czi,1,453,YPGal
Snap-8162.czi,0,454,YPGal
Snap-8163.czi,1,454,YPGal
Snap-8164.czi,0,455,YPGal
Snap-8165.czi,1,455,YPGal
Snap-8166.czi,0,456,YPGal
Snap-8167.czi,1,456,YPGal
Snap-8168.czi,0,457,YPGal
Snap-8169.czi,1,457,YPGal
Snap-8170.czi,0,458,YPGal
Snap-8171.czi,1,458,YPGal
Snap-8172.czi,0,459,YPGal
Snap-8173.czi,1,459,YPGal
Snap-8174.czi,0,460,YPGal
Snap-8175.czi,1,460,YPGal
Snap-8330.czi,0,461,YPGal_DAY1
Snap-8331.czi,1,461,YPGal_DAY1
Snap-8332.czi,0,462,YPGal_DAY1
Snap-8333.czi,1,462,YPGal_DAY1
Snap-8334.czi,0,463,YPGal_DAY1
Snap-8335.czi,1,463,YPGal_DAY1
Snap-8336.czi,0,464,YPGal_DAY1
Snap-8337.czi,1,464,YPGal_DAY1
Snap-8338.czi,0,465,YPGal_DAY1
Snap-8339.czi,1,465,YPGal_DAY1
Snap-8340.czi,0,466,YPGal_DAY1
Snap-8341.czi,1,466,YPGal_DAY1
Snap-8342.czi,0,467,YPGal_DAY1
Snap-8343.czi,1,467,YPGal_DAY1
Snap-8344.czi,0,468,YPGal_DAY1
Snap-8345.czi,1,468,YPGal_DAY1
Snap-8346.czi,0,469,YPGal_DAY1
Snap-8347.czi,1,469,YPGal_DAY1
Snap-8348.czi,0,470,YPGal_DAY1
Snap-8349.czi,1,470,YPGal_DAY1
Snap-8350.czi,0,471,YPGal_DAY1
Snap-8351.czi,1,471,YPGal_DAY1
Snap-8352.czi,0,472,YPGal_DAY1
Snap-8353.czi,1,472,YPGal_DAY1
Snap-8354.czi,0,473,YPGal_DAY1
Snap-8355.czi,1,473,YPGal_DAY1
Snap-8356.czi,0,474,YPGal_DAY1
Snap-8357.czi,1,474,YPGal_DAY1
Snap-8358.czi,0,475,YPGal_DAY1
Snap-8359.czi,1,475,YPGal_DAY1
Snap-8360.czi,0,476,YPGal_DAY1
Snap-8361.czi,1,476,YPGal_DAY1
Snap-8362.czi,0,477,YPGal_DAY1
Snap-8363.czi,1,477,YPGal_DAY1
Snap-8364.czi,0,478,YPGal_DAY1
Snap-8365.czi,1,478,YPGal_DAY1
Snap-8366.czi,0,479,YPGal_DAY1
Snap-8367.czi,1,479,YPGal_DAY1
Snap-8368.czi,0,480,YPGal_DAY1
Snap-8369.czi,1,480,YPGal_DAY1
Snap-8370.czi,0,481,YPGal_DAY1
Snap-8372.czi,1,481,YPGal_DAY1
Snap-8373.czi,0,482,YPGal_DAY1
Snap-8374.czi,1,482,YPGal_DAY1
Snap-8375.czi,0,483,YPGal_DAY1
Snap-8376.czi,1,483,YPGal_DAY1
Snap-8377.czi,0,484,YPGal_DAY1
Snap-8378.czi,1,484,YPGal_DAY1
Snap-8379.czi,0,485,YPGal_DAY1
Snap-8380.czi,1,485,YPGal_DAY1
Snap-8381.czi,0,486,YPGal_DAY1
Snap-8382.czi,1,486,YPGal_DAY1
Snap-8383.czi,0,487,YPGal_DAY1
Snap-8384.czi,1,487,YPGal_DAY1
Snap-8385.czi,0,488,YPGal_DAY1
Snap-8386.czi,1,488,YPGal_DAY1
Snap-8387.czi,0,489,YPGal_DAY1
Snap-8388.czi,1,489,YPGal_DAY1
Snap-8389.czi,0,490,YPGal_DAY1
Snap-8390.czi,1,490,YPGal_DAY1
Snap-8391.czi,0,491,YPGal_DAY1
Snap-8392.czi,1,491,YPGal_DAY1
Snap-8393.czi,0,492,YPGal_DAY1
Snap-8394.czi,1,492,YPGal_DAY1
Snap-8395.czi,0,493,YPGal_DAY1
Snap-8396.czi,1,493,YPGal_DAY1
Snap-8397.czi,0,494,YPGal_DAY1
Snap-8398.czi,1,494,YPGal_DAY1
Snap-8399.czi,0,495,YPGal_DAY1
Snap-8400.czi,1,495,YPGal_DAY1
Snap-8401.czi,0,496,YPGal_DAY1
Snap-8402.czi,1,496,YPGal_DAY1
Snap-8403.czi,0,497,YPGal_DAY1
Snap-8404.czi,1,497,YPGal_DAY1
Snap-8405.czi,0,498,YPGal_DAY1
Snap-8406.czi,1,498,YPGal_DAY1
Snap-8407.czi,0,499,YPGal_DAY1
Snap-8408.czi,1,499,YPGal_DAY1
Snap-8409.czi,0,500,YPGal_DAY1
Snap-8410.czi,1,500,YPGal_DAY1
Snap-8411.czi,0,501,YPGal_DAY1
Snap-8412.czi,1,501,YPGal_DAY1
Snap-8413.czi,0,502,YPGal_DAY1
Snap-8414.czi,1,502,YPGal_DAY1
Snap-8415.czi,0,503,YPGal_DAY1
Snap-8416.czi,1,503,YPGal_DAY1
Snap-8417.czi,0,504,YPGal_DAY1
Snap-8418.czi,1,504,YPGal_DAY1
Snap-8419.czi,0,505,YPGal_DAY1
Snap-8420.czi,1,505,YPGal_DAY1
Snap-8421.czi,0,506,YPGal_DAY1
Snap-8422.czi,1,506,YPGal_DAY1
Snap-8423.czi,0,507,YPGal_DAY1
Snap-8424.czi,1,507,YPGal_DAY1
Snap-8425.czi,0,508,YPGal_DAY1
Snap-8426.czi,1,508,YPGal_DAY1
Snap-8427.czi,0,509,YPGal_DAY1
Snap-8428.czi,1,509,YPGal_DAY1
Snap-8429.czi,0,510,YPGal_DAY1
Snap-8430.czi,1,510,YPGal_DAY1
Snap-8431.czi,0,511,YPGal_DAY1
Snap-8432.czi,1,511,YPGal_DAY1
Snap-8433.czi,0,512,YPGal_DAY1
Snap-8434.czi,1,512,YPGal_DAY1
Snap-8435.czi,0,513,YPGal_DAY1
Snap-8436.czi,1,513,YPGal_DAY1
Snap-8639.czi,0,514,YPGal_DAY2
Snap-8640.czi,1,514,YPGal_DAY2
Snap-8641.czi,0,515,YPGal_DAY2
Snap-8642.czi,1,515,YPGal_DAY2
Snap-8643.czi,0,516,YPGal_DAY2
Snap-8644.czi,1,516,YPGal_DAY2
Snap-8645.czi,0,517,YPGal_DAY2
Snap-8646.czi,1,517,YPGal_DAY2
Snap-8647.czi,0,518,YPGal_DAY2
Snap-8648.czi,1,518,YPGal_DAY2
Snap-8649.czi,0,519,YPGal_DAY2
Snap-8650.czi,1,519,YPGal_DAY2
Snap-8651.czi,0,520,YPGal_DAY2
Snap-8653.czi,1,520,YPGal_DAY2
Snap-8654.czi,0,521,YPGal_DAY2
Snap-8655.czi,1,521,YPGal_DAY2
Snap-8656.czi,0,522,YPGal_DAY2
Snap-8657.czi,1,522,YPGal_DAY2
Snap-8658.czi,0,523,YPGal_DAY2
Snap-8659.czi,1,523,YPGal_DAY2
Snap-8660.czi,0,524,YPGal_DAY2
Snap-8661.czi,1,524,YPGal_DAY2
Snap-8662.czi,0,525,YPGal_DAY2
Snap-8663.czi,1,525,YPGal_DAY2
Snap-8664.czi,0,526,YPGal_DAY2
Snap-8665.czi,1,526,YPGal_DAY2
Snap-8666.czi,0,527,YPGal_DAY2
Snap-8667.czi,1,527,YPGal_DAY2
Snap-8668.czi,0,528,YPGal_DAY2
Snap-8669.czi,1,528,YPGal_DAY2
Snap-8670.czi,0,529,YPGal_DAY2
Snap-8671.czi,1,529,YPGal_DAY2
Snap-8672.czi,0,530,YPGal_DAY2
Snap-8673.czi,1,530,YPGal_DAY2
Snap-8674.czi,0,531,YPGal_DAY2
Snap-8675.czi,1,531,YPGal_DAY2
Snap-8676.czi,0,532,YPGal_DAY2
Snap-8677.czi,1,532,YPGal_DAY2
Snap-8678.czi,0,533,YPGal_DAY2
Snap-8679.czi,1,533,YPGal_DAY2
Snap-8680.czi,0,534,YPGal_DAY2
Snap-8681.czi,1,534,YPGal_DAY2
Snap-8682.czi,0,535,YPGal_DAY2
Snap-8683.czi,1,535,YPGal_DAY2
Snap-8684.czi,0,536,YPGal_DAY2
Snap-8685.czi,1,536,YPGal_DAY2
Snap-8686.czi,0,537,YPGal_DAY2
Snap-8687.czi,1,537,YPGal_DAY2
Snap-8688.czi,0,538,YPGal_DAY2
Snap-8689.czi,1,538,YPGal_DAY2
Snap-8690.czi,0,539,YPGal_DAY2
Snap-8691.czi,1,539,YPGal_DAY2
Snap-8692.czi,0,540,YPGal_DAY2
Snap-8693.czi,1,540,YPGal_DAY2
Snap-8694.czi,0,541,YPGal_DAY2
Snap-8695.czi,1,541,YPGal_DAY2
Snap-8696.czi,0,542,YPGal_DAY2
Snap-8698.czi,1,542,YPGal_DAY2
Snap-8699.czi,0,543,YPGal_DAY2
Snap-8700.czi,1,543,YPGal_DAY2
Snap-8701.czi,0,544,YPGal_DAY2
Snap-8702.czi,1,544,YPGal_DAY2
Snap-8703.czi,0,545,YPGal_DAY2
Snap-8704.czi,1,545,YPGal_DAY2
Snap-8705.czi,0,546,YPGal_DAY2
Snap-8706.czi,1,546,YPGal_DAY2
Snap-8707.czi,0,547,YPGal_DAY2
Snap-8708.czi,1,547,YPGal_DAY2
Snap-8709.czi,0,548,YPGal_DAY2
Snap-8710.czi,1,548,YPGal_DAY2
Snap-8711.czi,0,549,YPGal_DAY2
Snap-8712.czi,1,549,YPGal_DAY2
Snap-8713.czi,0,550,YPGal_DAY2
Snap-8714.czi,1,550,YPGal_DAY2
Snap-8715.czi,0,551,YPGal_DAY2
Snap-8716.czi,1,551,YPGal_DAY2
Snap-8717.czi,0,552,YPGal_DAY2
Snap-8718.czi,1,552,YPGal_DAY2
Snap-8719.czi,0,553,YPGal_DAY2
Snap-8720.czi,1,553,YPGal_DAY2
Snap-8721.czi,0,554,YPGal_DAY2
Snap-8722.czi,1,554,YPGal_DAY2
Snap-8723.czi,0,555,YPGal_DAY2
Snap-8724.czi,1,555,YPGal_DAY2
Snap-8725.czi,0,556,YPGal_DAY2
Snap-8726.czi,1,556,YPGal_DAY2
Snap-8727.czi,0,557,YPGal_DAY2
Snap-8728.czi,1,557,YPGal_DAY2
Snap-8729.czi,0,558,YPGal_DAY2
Snap-8730.czi,1,558,YPGal_DAY2
Snap-8731.czi,0,559,YPGal_DAY2
Snap-8732.czi,1,559,YPGal_DAY2
Snap-8733.czi,0,560,YPGal_DAY2
Snap-8734.czi,1,560,YPGal_DAY2
Snap-8735.czi,0,561,YPGal_DAY2
Snap-8736.czi,1,561,YPGal_DAY2
Snap-8738.czi,0,562,YPGal_DAY2
Snap-8739.czi,1,562,YPGal_DAY2
Snap-8740.czi,0,563,YPGal_DAY2
Snap-8741.czi,1,563,YPGal_DAY2
Snap-8742.czi,0,564,YPGal_DAY2
Snap-8743.czi,1,564,YPGal_DAY2
Snap-8744.czi,0,565,YPGal_DAY2
Snap-8745.czi,1,565,YPGal_DAY2
Snap-8746.czi,0,566,YPGal_DAY2
Snap-8747.czi,1,566,YPGal_DAY2
Snap-8748.czi,0,567,YPGal_DAY2
Snap-8749.czi,1,567,YPGal_DAY2
Snap-8750.czi,0,568,YPGal_DAY2
Snap-8751.czi,1,568,YPGal_DAY2
Snap-8752.czi,0,569,YPGal_DAY2
Snap-8753.czi,1,569,YPGal_DAY2
Snap-8754.czi,0,570,YPGal_DAY2
Snap-8755.czi,1,570,YPGal_DAY2
Snap-8756.czi,0,571,YPGal_DAY2
Snap-8757.czi,1,571,YPGal_DAY2
Snap-8758.czi,0,572,YPGal_DAY2
Snap-8759.czi,1,572,YPGal_DAY2
Snap-8760.czi,0,573,YPGal_DAY2
Snap-8761.czi,1,573,YPGal_DAY2
Snap-8762.czi,0,574,YPGal_DAY2
Snap-8763.czi,1,574,YPGal_DAY2
Snap-8764.czi,0,575,YPGal_DAY2
Snap-8765.czi,1,575,YPGal_DAY2
Snap-9026.czi,0,576,YPGal_DAY3
Snap-9027.czi,1,576,YPGal_DAY3
Snap-9028.czi,0,577,YPGal_DAY3
Snap-9029.czi,1,577,YPGal_DAY3
Snap-9030.czi,0,578,YPGal_DAY3
Snap-9031.czi,1,578,YPGal_DAY3
Snap-9032.czi,0,579,YPGal_DAY3
Snap-9033.czi,1,579,YPGal_DAY3
Snap-9034.czi,0,580,YPGal_DAY3
Snap-9035.czi,1,580,YPGal_DAY3
Snap-9036.czi,0,581,YPGal_DAY3
Snap-9037.czi,1,581,YPGal_DAY3
Snap-9038.czi,0,582,YPGal_DAY3
Snap-9039.czi,1,582,YPGal_DAY3
Snap-9040.czi,0,583,YPGal_DAY3
Snap-9041.czi,1,583,YPGal_DAY3
Snap-9042.czi,0,584,YPGal_DAY3
Snap-9043.czi,1,584,YPGal_DAY3
Snap-9044.czi,0,585,YPGal_DAY3
Snap-9045.czi,1,585,YPGal_DAY3
Snap-9046.czi,0,586,YPGal_DAY3
Snap-9047.czi,1,586,YPGal_DAY3
Snap-9048.czi,0,587,YPGal_DAY3
Snap-9049.czi,1,587,YPGal_DAY3
Snap-9050.czi,0,588,YPGal_DAY3
Snap-9051.czi,1,588,YPGal_DAY3
Snap-9052.czi,0,589,YPGal_DAY3
Snap-9053.czi,1,589,YPGal_DAY3
Snap-9054.czi,0,590,YPGal_DAY3
Snap-9055.czi,1,590,YPGal_DAY3
Snap-9056.czi,0,591,YPGal_DAY3
Snap-9057.czi,1,591,YPGal_DAY3
Snap-9058.czi,0,592,YPGal_DAY3
Snap-9059.czi,1,592,YPGal_DAY3
Snap-9060.czi,0,593,YPGal_DAY3
Snap-9061.czi,1,593,YPGal_DAY3
Snap-9062.czi,0,594,YPGal_DAY3
Snap-9063.czi,1,594,YPGal_DAY3
Snap-9064.czi,0,595,YPGal_DAY3
Snap-9065.czi,1,595,YPGal_DAY3
Snap-9066.czi,0,596,YPGal_DAY3
Snap-9067.czi,1,596,YPGal_DAY3
Snap-9068.czi,0,597,YPGal_DAY3
Snap-9069.czi,1,597,YPGal_DAY3
Snap-9070.czi,0,598,YPGal_DAY3
Snap-9071.czi,1,598,YPGal_DAY3
Snap-9072.czi,0,599,YPGal_DAY3
Snap-9073.czi,1,599,YPGal_DAY3
Snap-9074.czi,0,600,YPGal_DAY3
Snap-9075.czi,1,600,YPGal_DAY3
Snap-9076.czi,0,601,YPGal_DAY3
Snap-9077.czi,1,601,YPGal_DAY3
Snap-9078.czi,0,602,YPGal_DAY3
Snap-9079.czi,1,602,YPGal_DAY3
Snap-9080.czi,0,603,YPGal_DAY3
Snap-9081.czi,1,603,YPGal_DAY3
Snap-9082.czi,0,604,YPGal_DAY3
Snap-9083.czi,1,604,YPGal_DAY3
Snap-9084.czi,0,605,YPGal_DAY3
Snap-9085.czi,1,605,YPGal_DAY3
Snap-9086.czi,0,606,YPGal_DAY3
Snap-9087.czi,1,606,YPGal_DAY3
Snap-9088.czi,0,607,YPGal_DAY3
Snap-9089.czi,1,607,YPGal_DAY3
Snap-9090.czi,0,608,YPGal_DAY3
Snap-9091.czi,1,608,YPGal_DAY3
Snap-9092.czi,0,609,YPGal_DAY3
Snap-9093.czi,1,609,YPGal_DAY3
Snap-9094.czi,0,610,YPGal_DAY3
Snap-9095.czi,1,610,YPGal_DAY3
Snap-9096.czi,0,611,YPGal_DAY3
Snap-9097.czi,1,611,YPGal_DAY3
Snap-9098.czi,0,612,YPGal_DAY3
Snap-9099.czi,1,612,YPGal_DAY3
Snap-9100.czi,0,613,YPGal_DAY3
Snap-9101.czi,1,613,YPGal_DAY3
Snap-9102.czi,0,614,YPGal_DAY3
Snap-9103.czi,1,614,YPGal_DAY3
Snap-9104.czi,0,615,YPGal_DAY3
Snap-9105.czi,1,615,YPGal_DAY3
Snap-9106.czi,0,616,YPGal_DAY3
Snap-9107.czi,1,616,YPGal_DAY3
Snap-9108.czi,0,617,YPGal_DAY3
Snap-9109.czi,1,617,YPGal_DAY3
Snap-9110.czi,0,618,YPGal_DAY3
Snap-9111.czi,1,618,YPGal_DAY3
Snap-9112.czi,0,619,YPGal_DAY3
Snap-9113.czi,1,619,YPGal_DAY3
Snap-9114.czi,0,620,YPGal_DAY3
Snap-9115.czi,1,620,YPGal_DAY3
Snap-9116.czi,0,621,YPGal_DAY3
Snap-9117.czi,1,621,YPGal_DAY3
Snap-9118.czi,0,622,YPGal_DAY3
Snap-9119.czi,1,622,YPGal_DAY3
Snap-9120.czi,0,623,YPGal_DAY3
Snap-9121.czi,1,623,YPGal_DAY3
Snap-9122.czi,0,624,YPGal_DAY3
Snap-9123.czi,1,624,YPGal_DAY3
Snap-8176.czi,0,625,YPGly
Snap-8177.czi,1,625,YPGly
Snap-8178.czi,0,626,YPGly
Snap-8179.czi,1,626,YPGly
Snap-8180.czi,0,627,YPGly
Snap-8181.czi,1,627,YPGly
Snap-8182.czi,0,628,YPGly
Snap-8183.czi,1,628,YPGly
Snap-8184.czi,0,629,YPGly
Snap-8185.czi,1,629,YPGly
Snap-8186.czi,0,630,YPGly
Snap-8187.czi,1,630,YPGly
Snap-8188.czi,0,631,YPGly
Snap-8189.czi,1,631,YPGly
Snap-8190.czi,0,632,YPGly
Snap-8191.czi,1,632,YPGly
Snap-8192.czi,0,633,YPGly
Snap-8193.czi,1,633,YPGly
Snap-8194.czi,0,634,YPGly
Snap-8195.czi,1,634,YPGly
Snap-8196.czi,0,635,YPGly
Snap-8197.czi,1,635,YPGly
Snap-8198.czi,0,636,YPGly
Snap-8199.czi,1,636,YPGly
Snap-8200.czi,0,637,YPGly
Snap-8201.czi,1,637,YPGly
Snap-8202.czi,0,638,YPGly
Snap-8203.czi,1,638,YPGly
Snap-8204.czi,0,639,YPGly
Snap-8205.czi,1,639,YPGly
Snap-8206.czi,0,640,YPGly
Snap-8207.czi,1,640,YPGly
Snap-8208.czi,0,641,YPGly
Snap-8209.czi,1,641,YPGly
Snap-8210.czi,0,642,YPGly
Snap-8211.czi,1,642,YPGly
Snap-8212.czi,0,643,YPGly
Snap-8213.czi,1,643,YPGly
Snap-8214.czi,0,644,YPGly
Snap-8215.czi,1,644,YPGly
Snap-8216.czi,0,645,YPGly
Snap-8217.czi,1,645,YPGly
Snap-8218.czi,0,646,YPGly
Snap-8219.czi,1,646,YPGly
Snap-8220.czi,0,647,YPGly
Snap-8221.czi,1,647,YPGly
Snap-8222.czi,0,648,YPGly
Snap-8223.czi,1,648,YPGly
Snap-8224.czi,0,649,YPGly
Snap-8225.czi,1,649,YPGly
Snap-8226.czi,0,650,YPGly
Snap-8227.czi,1,650,YPGly
Snap-8228.czi,0,651,YPGly
Snap-8229.czi,1,651,YPGly
Snap-8230.czi,0,652,YPGly
Snap-8231.czi,1,652,YPGly
Snap-8232.czi,0,653,YPGly
Snap-8233.czi,1,653,YPGly
Snap-8234.czi,0,654,YPGly
Snap-8235.czi,1,654,YPGly
Snap-8236.czi,0,655,YPGly
Snap-8237.czi,1,655,YPGly
Snap-8238.czi,0,656,YPGly
Snap-8239.czi,1,656,YPGly
Snap-8240.czi,0,657,YPGly
Snap-8241.czi,1,657,YPGly
Snap-8242.czi,0,658,YPGly
Snap-8243.czi,1,658,YPGly
Snap-8244.czi,0,659,YPGly
Snap-8245.czi,1,659,YPGly
Snap-8246.czi,0,660,YPGly
Snap-8247.czi,1,660,YPGly
Snap-8441.czi,0,661,YPGly_DAY1
Snap-8442.czi,1,661,YPGly_DAY1
Snap-8443.czi,0,662,YPGly_DAY1
Snap-8444.czi,1,662,YPGly_DAY1
Snap-8445.czi,0,663,YPGly_DAY1
Snap-8446.czi,1,663,YPGly_DAY1
Snap-8447.czi,0,664,YPGly_DAY1
Snap-8448.czi,1,664,YPGly_DAY1
Snap-8449.czi,0,665,YPGly_DAY1
Snap-8450.czi,1,665,YPGly_DAY1
Snap-8451.czi,0,666,YPGly_DAY1
Snap-8452.czi,1,666,YPGly_DAY1
Snap-8453.czi,0,667,YPGly_DAY1
Snap-8454.czi,1,667,YPGly_DAY1
Snap-8455.czi,0,668,YPGly_DAY1
Snap-8456.czi,1,668,YPGly_DAY1
Snap-8457.czi,0,669,YPGly_DAY1
Snap-8458.czi,1,669,YPGly_DAY1
Snap-8459.czi,0,670,YPGly_DAY1
Snap-8460.czi,1,670,YPGly_DAY1
Snap-8461.czi,0,671,YPGly_DAY1
Snap-8462.czi,1,671,YPGly_DAY1
Snap-8463.czi,0,672,YPGly_DAY1
Snap-8464.czi,1,672,YPGly_DAY1
Snap-8465.czi,0,673,YPGly_DAY1
Snap-8466.czi,1,673,YPGly_DAY1
Snap-8467.czi,0,674,YPGly_DAY1
Snap-8468.czi,1,674,YPGly_DAY1
Snap-8469.czi,0,675,YPGly_DAY1
Snap-8470.czi,1,675,YPGly_DAY1
Snap-8471.czi,0,676,YPGly_DAY1
Snap-8472.czi,1,676,YPGly_DAY1
Snap-8473.czi,0,677,YPGly_DAY1
Snap-8474.czi,1,677,YPGly_DAY1
Snap-8475.czi,0,678,YPGly_DAY1
Snap-8476.czi,1,678,YPGly_DAY1
Snap-8477.czi,0,679,YPGly_DAY1
Snap-8478.czi,1,679,YPGly_DAY1
Snap-8479.czi,0,680,YPGly_DAY1
Snap-8480.czi,1,680,YPGly_DAY1
Snap-8481.czi,0,681,YPGly_DAY1
Snap-8482.czi,1,681,YPGly_DAY1
Snap-8483.czi,0,682,YPGly_DAY1
Snap-8484.czi,1,682,YPGly_DAY1
Snap-8485.czi,0,683,YPGly_DAY1
Snap-8486.czi,1,683,YPGly_DAY1
Snap-8487.czi,0,684,YPGly_DAY1
Snap-8488.czi,1,684,YPGly_DAY1
Snap-8489.czi,0,685,YPGly_DAY1
Snap-8490.czi,1,685,YPGly_DAY1
Snap-8491.czi,0,686,YPGly_DAY1
Snap-8492.czi,1,686,YPGly_DAY1
Snap-8493.czi,0,687,YPGly_DAY1
Snap-8494.czi,1,687,YPGly_DAY1
Snap-8495.czi,0,688,YPGly_DAY1
Snap-8496.czi,1,688,YPGly_DAY1
Snap-8501.czi,0,689,YPGly_DAY1
Snap-8502.czi,1,689,YPGly_DAY1
Snap-8503.czi,0,690,YPGly_DAY1
Snap-8504.czi,1,690,YPGly_DAY1
Snap-8505.czi,0,691,YPGly_DAY1
Snap-8506.czi,1,691,YPGly_DAY1
Snap-8507.czi,0,692,YPGly_DAY1
Snap-8508.czi,1,692,YPGly_DAY1
Snap-8509.czi,0,693,YPGly_DAY1
Snap-8510.czi,1,693,YPGly_DAY1
Snap-8511.czi,0,694,YPGly_DAY1
Snap-8512.czi,1,694,YPGly_DAY1
Snap-8513.czi,0,695,YPGly_DAY1
Snap-8514.czi,1,695,YPGly_DAY1
Snap-8515.czi,0,696,YPGly_DAY1
Snap-8516.czi,1,696,YPGly_DAY1
Snap-8517.czi,0,697,YPGly_DAY1
Snap-8518.czi,1,697,YPGly_DAY1
Snap-8519.czi,0,698,YPGly_DAY1
Snap-8520.czi,1,698,YPGly_DAY1
Snap-8521.czi,0,699,YPGly_DAY1
Snap-8522.czi,1,699,YPGly_DAY1
Snap-8523.czi,0,700,YPGly_DAY1
Snap-8524.czi,1,700,YPGly_DAY1
Snap-8525.czi,0,701,YPGly_DAY1
Snap-8526.czi,1,701,YPGly_DAY1
Snap-8527.czi,0,702,YPGly_DAY1
Snap-8528.czi,1,702,YPGly_DAY1
Snap-8529.czi,0,703,YPGly_DAY1
Snap-8530.czi,1,703,YPGly_DAY1
Snap-8766.czi,0,704,YPGly_DAY2
Snap-8767.czi,1,704,YPGly_DAY2
Snap-8768.czi,0,705,YPGly_DAY2
Snap-8769.czi,1,705,YPGly_DAY2
Snap-8770.czi,0,706,YPGly_DAY2
Snap-8771.czi,1,706,YPGly_DAY2
Snap-8772.czi,0,707,YPGly_DAY2
Snap-8773.czi,1,707,YPGly_DAY2
Snap-8774.czi,0,708,YPGly_DAY2
Snap-8775.czi,1,708,YPGly_DAY2
Snap-8776.czi,0,709,YPGly_DAY2
Snap-8777.czi,1,709,YPGly_DAY2
Snap-8778.czi,0,710,YPGly_DAY2
Snap-8779.czi,1,710,YPGly_DAY2
Snap-8780.czi,0,711,YPGly_DAY2
Snap-8781.czi,1,711,YPGly_DAY2
Snap-8782.czi,0,712,YPGly_DAY2
Snap-8783.czi,1,712,YPGly_DAY2
Snap-8784.czi,0,713,YPGly_DAY2
Snap-8785.czi,1,713,YPGly_DAY2
Snap-8786.czi,0,714,YPGly_DAY2
Snap-8787.czi,1,714,YPGly_DAY2
Snap-8788.czi,0,715,YPGly_DAY2
Snap-8789.czi,1,715,YPGly_DAY2
Snap-8790.czi,0,716,YPGly_DAY2
Snap-8791.czi,1,716,YPGly_DAY2
Snap-8792.czi,0,717,YPGly_DAY2
Snap-8793.czi,1,717,YPGly_DAY2
Snap-8794.czi,0,718,YPGly_DAY2
Snap-8795.czi,1,718,YPGly_DAY2
Snap-8796.czi,0,719,YPGly_DAY2
Snap-8797.czi,1,719,YPGly_DAY2
Snap-8798.czi,0,720,YPGly_DAY2
Snap-8799.czi,1,720,YPGly_DAY2
Snap-8800.czi,0,721,YPGly_DAY2
Snap-8801.czi,1,721,YPGly_DAY2
Snap-8802.czi,0,722,YPGly_DAY2
Snap-8803.czi,1,722,YPGly_DAY2
Snap-8804.czi,0,723,YPGly_DAY2
Snap-8805.czi,1,723,YPGly_DAY2
Snap-8806.czi,0,724,YPGly_DAY2
Snap-8807.czi,1,724,YPGly_DAY2
Snap-8808.czi,0,725,YPGly_DAY2
Snap-8809.czi,1,725,YPGly_DAY2
Snap-8810.czi,0,726,YPGly_DAY2
Snap-8811.czi,1,726,YPGly_DAY2
Snap-8812.czi,0,727,YPGly_DAY2
Snap-8813.czi,1,727,YPGly_DAY2
Snap-8814.czi,0,728,YPGly_DAY2
Snap-8815.czi,1,728,YPGly_DAY2
Snap-8816.czi,0,729,YPGly_DAY2
Snap-8817.czi,1,729,YPGly_DAY2
Snap-8818.czi,0,730,YPGly_DAY2
Snap-8819.czi,1,730,YPGly_DAY2
Snap-8820.czi,0,731,YPGly_DAY2
Snap-8821.czi,1,731,YPGly_DAY2
Snap-8822.czi,0,732,YPGly_DAY2
Snap-8823.czi,1,732,YPGly_DAY2
Snap-8824.czi,0,733,YPGly_DAY2
Snap-8825.czi,1,733,YPGly_DAY2
Snap-8826.czi,0,734,YPGly_DAY2
Snap-8827.czi,1,734,YPGly_DAY2
Snap-8828.czi,0,735,YPGly_DAY2
Snap-8829.czi,1,735,YPGly_DAY2
Snap-8830.czi,0,736,YPGly_DAY2
Snap-8831.czi,1,736,YPGly_DAY2
Snap-8832.czi,0,737,YPGly_DAY2
Snap-8833.czi,1,737,YPGly_DAY2
Snap-8834.czi,0,738,YPGly_DAY2
Snap-8835.czi,1,738,YPGly_DAY2
Snap-8836.czi,0,739,YPGly_DAY2
Snap-8837.czi,1,739,YPGly_DAY2
Snap-8838.czi,0,740,YPGly_DAY2
Snap-8839.czi,1,740,YPGly_DAY2
Snap-8840.czi,0,741,YPGly_DAY2
Snap-8841.czi,1,741,YPGly_DAY2
Snap-8842.czi,0,742,YPGly_DAY2
Snap-8843.czi,1,742,YPGly_DAY2
Snap-8844.czi,0,743,YPGly_DAY2
Snap-8845.czi,1,743,YPGly_DAY2
Snap-8846.czi,0,744,YPGly_DAY2
Snap-8847.czi,1,744,YPGly_DAY2
Snap-8848.czi,0,745,YPGly_DAY2
Snap-8849.czi,1,745,YPGly_DAY2
Snap-8850.czi,0,746,YPGly_DAY2
Snap-8851.czi,1,746,YPGly_DAY2
Snap-8852.czi,0,747,YPGly_DAY2
Snap-8853.czi,1,747,YPGly_DAY2
Snap-8854.czi,0,748,YPGly_DAY2
Snap-8855.czi,1,748,YPGly_DAY2
Snap-8856.czi,0,749,YPGly_DAY2
Snap-8857.czi,1,749,YPGly_DAY2
Snap-8858.czi,0,750,YPGly_DAY2
Snap-8859.czi,1,750,YPGly_DAY2
Snap-8860.czi,0,751,YPGly_DAY2
Snap-8861.czi,1,751,YPGly_DAY2
Snap-8862.czi,0,752,YPGly_DAY2
Snap-8863.czi,1,752,YPGly_DAY2
Snap-8864.czi,0,753,YPGly_DAY2
Snap-8865.czi,1,753,YPGly_DAY2
Snap-8866.czi,0,754,YPGly_DAY2
Snap-8867.czi,1,754,YPGly_DAY2
Snap-8868.czi,0,755,YPGly_DAY2
Snap-8869.czi,1,755,YPGly_DAY2
Snap-8870.czi,0,756,YPGly_DAY2
Snap-8871.czi,1,756,YPGly_DAY2
Snap-8872.czi,0,757,YPGly_DAY2
Snap-8873.czi,1,757,YPGly_DAY2
Snap-8874.czi,0,758,YPGly_DAY2
Snap-8875.czi,1,758,YPGly_DAY2
Snap-9128.czi,0,759,YPGly_DAY3
Snap-9129.czi,1,759,YPGly_DAY3
Snap-9130.czi,0,760,YPGly_DAY3
Snap-9131.czi,1,760,YPGly_DAY3
Snap-9132.czi,0,761,YPGly_DAY3
Snap-9133.czi,1,761,YPGly_DAY3
Snap-9134.czi,0,762,YPGly_DAY3
Snap-9135.czi,1,762,YPGly_DAY3
Snap-9136.czi,0,763,YPGly_DAY3
Snap-9137.czi,1,763,YPGly_DAY3
Snap-9138.czi,0,764,YPGly_DAY3
Snap-9139.czi,1,764,YPGly_DAY3
Snap-9140.czi,0,765,YPGly_DAY3
Snap-9141.czi,1,765,YPGly_DAY3
Snap-9142.czi,0,766,YPGly_DAY3
Snap-9143.czi,1,766,YPGly_DAY3
Snap-9144.czi,0,767,YPGly_DAY3
Snap-9145.czi,1,767,YPGly_DAY3
Snap-9146.czi,0,768,YPGly_DAY3
Snap-9147.czi,1,768,YPGly_DAY3
Snap-9148.czi,0,769,YPGly_DAY3
Snap-9149.czi,1,769,YPGly_DAY3
Snap-9150.czi,0,770,YPGly_DAY3
Snap-9151.czi,1,770,YPGly_DAY3
Snap-9152.czi,0,771,YPGly_DAY3
Snap-9153.czi,1,771,YPGly_DAY3
Snap-9154.czi,0,772,YPGly_DAY3
Snap-9155.czi,1,772,YPGly_DAY3
Snap-9156.czi,0,773,YPGly_DAY3
Snap-9157.czi,1,773,YPGly_DAY3
Snap-9158.czi,0,774,YPGly_DAY3
Snap-9159.czi,1,774,YPGly_DAY3
Snap-9160.czi,0,775,YPGly_DAY3
Snap-9161.czi,1,775,YPGly_DAY3
Snap-9162.czi,0,776,YPGly_DAY3
Snap-9163.czi,1,776,YPGly_DAY3
Snap-9164.czi,0,777,YPGly_DAY3
Snap-9165.czi,1,777,YPGly_DAY3
Snap-9166.czi,0,778,YPGly_DAY3
Snap-9167.czi,1,778,YPGly_DAY3
Snap-9168.czi,0,779,YPGly_DAY3
Snap-9169.czi,1,779,YPGly_DAY3
Snap-9170.czi,0,780,YPGly_DAY3
Snap-9171.czi,1,780,YPGly_DAY3
Snap-9172.czi,0,781,YPGly_DAY3
Snap-9173.czi,1,781,YPGly_DAY3
Snap-9174.czi,0,782,YPGly_DAY3
Snap-9175.czi,1,782,YPGly_DAY3
Snap-9176.czi,0,783,YPGly_DAY3
Snap-9177.czi,1,783,YPGly_DAY3
Snap-9178.czi,0,784,YPGly_DAY3
Snap-9179.czi,1,784,YPGly_DAY3
Snap-9180.czi,0,785,YPGly_DAY3
Snap-9181.czi,1,785,YPGly_DAY3
Snap-9182.czi,0,786,YPGly_DAY3
Snap-9184.czi,1,786,YPGly_DAY3
Snap-9185.czi,0,787,YPGly_DAY3
Snap-9186.czi,1,787,YPGly_DAY3
Snap-9187.czi,0,788,YPGly_DAY3
Snap-9188.czi,1,788,YPGly_DAY3
Snap-9189.czi,0,789,YPGly_DAY3
Snap-9190.czi,1,789,YPGly_DAY3
Snap-9191.czi,0,790,YPGly_DAY3
Snap-9192.czi,1,790,YPGly_DAY3
Snap-9193.czi,0,791,YPGly_DAY3
Snap-9194.czi,1,791,YPGly_DAY3
Snap-9195.czi,0,792,YPGly_DAY3
Snap-9196.czi,1,792,YPGly_DAY3
Snap-9197.czi,0,793,YPGly_DAY3
Snap-9198.czi,1,793,YPGly_DAY3
Snap-9199.czi,0,794,YPGly_DAY3
Snap-9200.czi,1,794,YPGly_DAY3
Snap-9201.czi,0,795,YPGly_DAY3
Snap-9202.czi,1,795,YPGly_DAY3
Snap-9203.czi,0,796,YPGly_DAY3
Snap-9204.czi,1,796,YPGly_DAY3
Snap-9205.czi,0,797,YPGly_DAY3
Snap-9206.czi,1,797,YPGly_DAY3
Snap-9207.czi,0,798,YPGly_DAY3
Snap-9208.czi,1,798,YPGly_DAY3
Snap-9209.czi,0,799,YPGly_DAY3
Snap-9210.czi,1,799,YPGly_DAY3
Snap-9211.czi,0,800,YPGly_DAY3
Snap-9212.czi,1,800,YPGly_DAY3
Snap-9213.czi,0,801,YPGly_DAY3
Snap-9214.czi,1,801,YPGly_DAY3
Snap-9215.czi,0,802,YPGly_DAY3
Snap-9216.czi,1,802,YPGly_DAY3
Snap-9217.czi,0,803,YPGly_DAY3
Snap-9218.czi,1,803,YPGly_DAY3
Snap-9219.czi,0,804,YPGly_DAY3
Snap-9220.czi,1,804,YPGly_DAY3
